Comment,Designator,Footprint,LCSC Part #,Manufacturer Part Number,Manufacturer,Quantity
47µF,"C1,C8,C9",C_1210_3225Metric,C84494,GRM32ER71A476KE15L,Murata,3
100nF,"C2,C4,C5,C13,C18",C_0805_2012Metric,C1711,CL21B104KBCNNNC,Samsung Electro-Mechanics,5
22µF,C3,CP_Elec_6.3x5.8,C336302,EEEHB1V220P,Panasonic,1
100nF,"C7,C14",C_0603_1608Metric,C1591,CL10B104KB8NNNC,Samsung Electro-Mechanics,2
4.7µF,C10,C_0805_2012Metric,C86040,GRM21BR71C475KA73L,Murata,1
10µF,"C11,C12",C_1206_3216Metric,C89632,CL31B106KBHNNNE,Samsung Electro-Mechanics,2
22µF / 25V,"C15,C16",C_1210_3225Metric,C3852592,C1210C226M3RAC7800,KEMET,2
56pF C0G,C17,C_0805_2012Metric,C2277731,C0805C560G1GACTU,KEMET,1
47µF / 25V Hybrid,C19,CP_Elec_6.3x5.8,C542308,EEHZC1E470P,Panasonic,1
SS14,D1,D_SMA,C47460,SS14-E3/61T,Vishay,1
SMCJ18A,D2,DIOM7959X262N,C374030,SMCJ18A,Littelfuse,1
BZT52C12Q-7-F,D3,D_SOD-123,C460785,BZT52C12Q-7-F,Diodes Inc.,1
4.7µH,L1,IND_SPM5030T-4R7M-HZ,C435271,SPM5030T-4R7M-HZ,TDK,1
15µH,L2,IND_SPM6530T-150M-HZ,C307809,SPM6530T-150M-HZ,TDK,1
SQD19P06-60L_GE3,Q1,TO252AA_SQD19_VIS,C143665,SQD19P06-60L_GE3,Vishay,1
47R,"R1,R2",R_0805_2012Metric,C114541,RC0805FR-0747RL,Yageo,2
100k,"R3,R4",R_0805_2012Metric,C96346,RC0805FR-07100KL,Yageo,2
1k,"R5,R6",R_0805_2012Metric,C95781,RC0805FR-071KL,Yageo,2
10k,"R7,R8",R_0805_2012Metric,C84376,RC0805FR-0710KL,Yageo,2
4.7k,"R9,R10",R_0805_2012Metric,C60816,RC0805FR-074K7L,Yageo,2
47k,R11,R_0805_2012Metric,C126351,RC0805FR-0747KL,Yageo,1
422k,R12,R_0805_2012Metric,C273967,RC0805FR-07422KL,Yageo,1
30.1k,R13,R_0805_2012Metric,C163407,RC0805FR-0730K1L,Yageo,1
AP63205QWU-7,U2,SOT95P280X100-6N,C5248537,AP63205QWU-7,Diodes Inc.,1
SN74LVC2G06DBVR,U3,SOT-23-6,C402162,SN74LVC2G06DBVR,Texas Instruments,1
AP63201QWU-7,U4,SOT95P280X100-6N,C5248535,AP63201QWU-7,Diodes Inc.,1
