Designator,Mid X,Mid Y,Layer,Rotation
C1,179.000000,-67.500000,Top,0.000000
C2,178.500000,-70.500000,Top,0.000000
C3,156.750000,-94.250000,Top,270.000000
C4,160.000000,-109.000000,Top,90.000000
C5,160.450000,-78.250000,Top,0.000000
C7,168.887500,-98.675000,Top,90.000000
C8,165.612500,-91.300000,Top,180.000000
C9,165.612500,-95.300000,Top,180.000000
C10,169.080000,-71.500000,Top,180.000000
C11,165.612500,-102.200000,Top,180.000000
C12,167.800000,-119.000000,Top,270.000000
C13,171.000000,-119.312500,Top,0.000000
C14,174.185000,-116.250000,Top,90.000000
C15,177.000000,-113.912500,Top,90.000000
C16,180.600000,-114.000000,Top,90.000000
C17,171.800000,-112.800000,Top,270.000000
C18,162.112500,-101.300000,Top,270.000000
C19,176.000000,-106.000000,Top,180.000000
D1,173.000000,-91.750000,Top,0.000000
D2,155.500000,-106.000000,Top,90.000000
D3,163.500000,-109.500000,Top,0.000000
L1,172.612500,-97.100000,Top,90.000000
L2,179.200000,-119.912500,Top,0.000000
Q1,161.250000,-118.000000,Top,180.000000
R1,160.500000,-81.000000,Top,180.000000
R2,165.000000,-76.500000,Top,180.000000
R3,158.500000,-71.500000,Top,180.000000
R4,155.000000,-72.000000,Top,0.000000
R5,164.500000,-72.500000,Top,90.000000
R6,174.500000,-78.000000,Top,90.000000
R7,162.500000,-72.500000,Top,270.000000
R8,174.500000,-73.500000,Top,90.000000
R9,170.000000,-45.500000,Top,270.000000
R10,168.000000,-45.500000,Top,270.000000
R11,166.000000,-112.500000,Top,90.000000
R12,174.000000,-112.800000,Top,270.000000
R13,169.600000,-112.800000,Top,90.000000
U2,165.712500,-99.100000,Top,0.000000
U3,158.500000,-74.750000,Top,270.000000
U4,171.200000,-116.312500,Top,0.000000
