Ref,Val,Package,PosX,PosY,Rot,Side
"C1","47µF","C_1210_3225Metric",179.000000,-67.500000,0.000000,top
"C2","100nF","C_0805_2012Metric",178.500000,-70.500000,0.000000,top
"C3","22µF","CP_Elec_6.3x5.8",156.750000,-94.250000,-90.000000,top
"C4","100nF","C_0805_2012Metric",160.000000,-109.000000,90.000000,top
"C5","100nF","C_0805_2012Metric",160.450000,-78.250000,0.000000,top
"C7","100nF","C_0603_1608Metric",168.887500,-98.675000,90.000000,top
"C8","47µF","C_1210_3225Metric",165.612500,-91.300000,180.000000,top
"C9","47µF","C_1210_3225Metric",165.612500,-95.300000,180.000000,top
"C10","4.7µF","C_0805_2012Metric",169.080000,-71.500000,180.000000,top
"C11","10µF","C_1206_3216Metric",165.612500,-102.200000,180.000000,top
"C12","10µF","C_1206_3216Metric",167.800000,-119.000000,-90.000000,top
"C13","100nF","C_0805_2012Metric",171.000000,-119.312500,0.000000,top
"C14","100nF","C_0603_1608Metric",174.185000,-116.250000,90.000000,top
"C15","22µF / 25V","C_1210_3225Metric",177.000000,-113.912500,90.000000,top
"C16","22µF / 25V","C_1210_3225Metric",180.600000,-114.000000,90.000000,top
"C17","56pF C0G","C_0805_2012Metric",171.800000,-112.800000,-90.000000,top
"C18","100nF","C_0805_2012Metric",162.112500,-101.300000,-90.000000,top
"C19","47µF / 25V Hybrid","CP_Elec_6.3x5.8",176.000000,-106.000000,180.000000,top
"D1","SS14","D_SMA",173.000000,-91.750000,0.000000,top
"D2","SMCJ18A","DIOM7959X262N",155.500000,-106.000000,90.000000,top
"D3","BZT52C12Q-7-F","D_SOD-123",163.500000,-109.500000,0.000000,top
"L1","4.7µH","IND_SPM5030T-4R7M-HZ",172.612500,-97.100000,90.000000,top
"L2","15µH","IND_SPM6530T-150M-HZ",179.200000,-119.912500,0.000000,top
"Q1","SQD19P06-60L_GE3","TO252AA_SQD19_VIS",161.250000,-118.000000,180.000000,top
"R1","47R","R_0805_2012Metric",160.500000,-81.000000,180.000000,top
"R2","47R","R_0805_2012Metric",165.000000,-76.500000,180.000000,top
"R3","100k","R_0805_2012Metric",158.500000,-71.500000,180.000000,top
"R4","100k","R_0805_2012Metric",155.000000,-72.000000,0.000000,top
"R5","1k","R_0805_2012Metric",164.500000,-72.500000,90.000000,top
"R6","1k","R_0805_2012Metric",174.500000,-78.000000,90.000000,top
"R7","10k","R_0805_2012Metric",162.500000,-72.500000,-90.000000,top
"R8","10k","R_0805_2012Metric",174.500000,-73.500000,90.000000,top
"R9","4.7k","R_0805_2012Metric",170.000000,-45.500000,-90.000000,top
"R10","4.7k","R_0805_2012Metric",168.000000,-45.500000,-90.000000,top
"R11","47k","R_0805_2012Metric",166.000000,-112.500000,90.000000,top
"R12","422k","R_0805_2012Metric",174.000000,-112.800000,-90.000000,top
"R13","30.1k","R_0805_2012Metric",169.600000,-112.800000,90.000000,top
"U2","AP63205QWU-7","SOT95P280X100-6N",165.712500,-99.100000,0.000000,top
"U3","SN74LVC2G06DBVR","SOT-23-6",158.500000,-74.750000,-90.000000,top
"U4","AP63201QWU-7","SOT95P280X100-6N",171.200000,-116.312500,0.000000,top
